TasteTheUmami,3
Rocks,8
kahguyaht,2
O.R.B.,1
cyber,1
wil,1
Brandoogie,2
trubbadub,22
2TONE,3
Taiga,9
eeeli,10
moogle,4
influenza,6
Archangel,18
Skips,7
Leon17,4
Sneakyjtb,31
Kilroy,8
sixpaths06,6
Phantum,6
Jevans,1
The Bullfrog,71
Meyer,22
Don Quixote,1
KALBI,1
PotatoSol,1
Spooky Nebula,7
Adam,5
Fasthands,2
Milkman,18
Ounik,2
icedflameoffire,4
HolyGauc,1
Legs,36
Gazm,6
Notice,1
Skynative,5
8bean,1
Tomatoman,1
SUPERNUT,3
End,6
kfiebs,5
Optissima,2
Krupte,23
Kibby,29
dochi,5
ShinRu,3
MooseJuiice,63
Khartoum,17
potato,1
JOJO,1
Jimthtsme,1
Salman42069,1
Jawn,12
Gerbungis,20
fall,4
Sandzyboy,4
thehumanblob,1
moldo,2
ChillyWilly,2
M_Sauce,20
Rhapsody,2
CarlHank,3
CVC,5
JustJustin,6
Fred Fantastic,1
Mr.Arctic,1
Stryker,5
Infernalnouva3,1
Dook,10
Billy Kaniaki,3
Dorian uwu,4
irl_lzrd,1
NAT20,1
Scooter,2
Love Chaac,7
Kevlar,12
Kirazo3214,1
Pesk,2
Kay-D,33
Peepz,2
IsumiTora,1
Orgazoid,1
bel$,9
Hedge,5
ProZ,40
Luwud,1
Aloxy,5
RS Goldseller,1
SnakPak,1
plucv,1
pogmelon,2
3hree4our,2
3dm,2
NattyIce,14
saint honeydew,15
clonk,1
timdawg69,1
Prod,7
K0NG,6
RedBean,11
Pemp,1
Saya | QQQ#348,2
RPG,1
Bad_Tanker,4
Flame,2
ENB,11
ReZzi,1
Tedbear,2
SOB,1
Saber,1
Reckless,14
Tunz,1
Soonjin,2
üba,8
Retro,1
bjartskular,1
CalamityDieu,15
SmashMouthEgg,3
A.,1
no_seigen,1
Mirth Sphere,49
trebla,1
nano,81
jky2005,14
Mimsy,22
Mochi:^,1
fantasy,3
mioh,32
Indict,1
Polaris,17
Nikolai178,1
Enpherest,1
YungFlexxer,3
STB Kamasi,1
Fathom,2
Stasis,2
Skwill,1
Niaki17,1
Symphony,4
Dice,34
Frodo,1
BRIZ,6
George Foreman X,1
Pwnzr,1
Falco64,6
Weecho03,2
Izn,5
DZhangarang,2
AodhaN,1
ELMO,1
Arkdael,6
ddaze,5
Raidos,4
WAHZ,2
hollywood,1
Old Guy,1
Dr. Dipper,8
Byrd,5
NightGL,2
Chillos_Tacos,4
StickZ,1
Kyletron70,18
g0ingss,1
Jushsy,5
nips,7
Josh,3
mayo,3
DevDogg,21
Asuka,12
SocKuh,2
grassman.,25
Neee,3
King Kai!,28
LPMageMan,1
Chonchis,2
Strizz,2
Vibe,5
HNC,13
icewolf98,2
Lorax,1
Doctor Giggitty,1
petbud,3
Creedz,1
Lassie,1
Shrobe,4
DQ,2
MegaMew,16
Ludacario,7
Zerg,1
SaxoBro,1
unbecomingduck,2
DamnNoHead,1
Jandy,5
Zalzo,1
jjiango,1
sinkingfeeling,13
Flush,3
Nawse,1
NoodleMan,1
Father,11
CloutCreator911,1
Zae,3
JohnyNoToes,2
smugflunky,3
Ymir,1
KongbosBongos,3
Jeem,6
Lee,11
vimes,4
mayb,9
Cyber_Rob,4
BirdBrain,6
Nerdy,41
wiseick,2
AzLuFa,3
Spal,24
mess,2
Blanks,1
Drin,2
Munas,1
AydenKA,3
thetincan,3
mcrfan2006 / Livy,2
INKevin,10
Penguin,1
Creestab,27
Artlex,23
tunnrocks,1
melatonin,12
Ham,6
Val,33
Jakelikesfood,4
HoshJarrod,5
vent,4
Monarch,9
Biggie_lad,7
Invalidity,2
RiceballOctopus,5
FalcosShine,8
BLTurntable,1
CARA,1
WaXx,18
Frenetic,2
EugeneTheMean,1
SweetBean,15
babybuzz03,3
LCKV,1
NetherCole,2
Pleco,5
GonnaHaveYourMana,2
Kwee,2
catsoop,19
Ocean of Lotion,10
NSSaneGaming,3
Moodamu,5
Matrices2,1
iophglidfy,1
Sylver,1
Synnek,1
Kickflip,56
Wale,26
Kintsu,1
BLOOM,2
ferryside,4
AyGorby,1
J4CK,1
Poip,1
baba j0nes,15
Ward,10
Bandicario,10
COLD1,1
Marsh,12
Rixx,2
Trevor,1
WhatThuSmell,1
JMiSSF2,25
Alo!,1
loukaaz,1
poog,13
Peaches,20
Katbug96,3
Marc,5
gardenhead,22
SodaSarge,3
Federer,30
SereneDoge#4725,1
N3RV,8
TDee_,11
NOR,1
Pad Thai,9
AES^,2
Sky,2
KingKamek,4
Sly,58
Orotis,4
XRockinRedneckX,5
uractunshevconseeqenses,1
ypls,3
Lutte,6
Puppy,2
jacksfriendjames,1
Mick2D,27
Mugi,2
Bowler,1
creamsnout,2
Stussy,5
Banji1,7
Truck,11
Simsamiza,4
blanderson,1
Tiger Shay,6
Predater,1
Scrub,12
J-Plums   IX,25
Thanks,1
B.A.B.E.,3
Zoncurs,6
Venus,3
Ratt,5
Deer GF,1
xXPsylockXx,1
coldest,1
Ascension,7
Dr. Blessing,9
rome,10
Devv,15
Gladio,1
Gormedious,14
Textbook,2
Hero,2
kaywayz,5
WashingMachineGuy,2
ShibataBeKickin,4
J E R M,3
ANGEL,5
Jaco,1
Circle,17
Lataf,13
Super_Spcy,2
Sligo,3
Willow,29
Rock,34
psy,3
Soulrifle211,3
gaythug,1
clam,2
DrSandsPhD,3
ButterRoyaleTTV,5
Galaxy,2
TheDoctorJR,60
lily wisconsin,11
Lord Wyatt,1
Tanner,3
Marx,3
nutstompr,14
Athe#982,18
Yobolight,4
Fallnight44,1
Kiwi,8
waytosugoi,3
Mr. Z,5
PaL0S,2
Actionhank,3
Blueprint,8
Crimedoer,1
HereComeDat_Boii,1
RadWimp,2
GRAPESAUS,1
Peru,1
Swanson,3
ChicagGhost,8
Ninwa,2
OldManMoe,1
Albyrt,6
Pineapple,1
SciFi88,1
Rhesus,4
Mother Earth,23
Theonetruekirby,5
Colm,8
KiNoah,1
Impulsive0329,2
Swoggles,19
ConnorTonight,22
dremo,1
Alex AF,1
Taco,2
StandardDef,1
vel,5
Glaven,1
Kittyrah,10
rocketf20,14
Blunt Simpson,49
TVenomoth,3
El,16
Appu,8
Juicebox,2
rice,4
Maz,4
charl,2
Totalfish,1
Vycan,1
Jimmy John,32
CoolDuck,1
FreakinBimpson,1
rail,1
PhaT,7
McSocks,4
Pigs,2
CasioAns,5
Adam,34
Beekman,37
ProfessorMikey,1
alexpenguin,15
Manc,2
Lil' m,2
Darrow25,4
Blippys,3
Silver,3
Konagi,10
dane,4
Neil,16
Funk,6
Nitus,6
SgtF0xButt,2
Ares,2
dannyk,1
Hershey,1
SlumlordGG,13
InsertDominance,5
dalbull,8
Wid,1
AWSOM,4
boat girl,1
Coin,1
risky business,17
Oblivion,2
CrxstalStar,3
lemonademilk,3
doom,2
Backwards_Sandal,4
Cobra,6
NewPerson,4
Urged,3
Jest,3
tempo,4
Pee,1
Henec,2
JUNESEN,6
DayDaySauce,2
Udon,2
PoggersFan00,1
Raphletic,3
Chubbles,16
honeypower,2
LoadofLaundry,10
Mr. Olsen,2
do you miss the old me,1
Pugin,1
CallMeCrispy,2
SlavTrash,1
rrudago,1
Edicus,5
ThunderBlade,4
Picaro,1
FinniusJ,2
drizzle,1
Manu,13
Im Bard Out,2
Monarchies BURN,1
Dharma,6
secoja8,1
Eefam,1
Langstonian,1
Vandal,1
Nishifue,3
Storm,10
Noki,3
Willow,15
Zimbabwayyyyyy,3
Rhyme Mime,1
JackO,1
Rukyy,1
HnstlyNbdy,8
Jazzer,4
Piboi,45
Buddy,1
LilyMW,9
swift,11
TSKILLZ,1
S3TO,2
Pix?!,17
Rabiddonkey33,20
Danity Kane,4
Malcolm X,3
Zoomy,7
Kito,4
PalmChi,39
Cigtar,6
Yoseph,1
Bonkers,4
PS2,15
dumpykong,1
Civil,10
steib,1
FarmerG,2
Frost2012,1
Paokir,1
kore,1
Usualdood,1
Sunhawk,2
SlugtheGod,5
Draft,1
Dempsey Roll,7
Grieser,1
Dragonfruit,3
minerz,2
spreadbeagle,1
michael,11
Octon,2
ShadyJ,1
ponykisses2008,2
DatKidNate,12
TRM,1
CsrTrujillo,13
blummbo,24
dirty jess,4
bittsea,1
cobaly,13
zombiebaran,12
Kez,2
atriglock,1
hunky,6
reapernix,4
B1shibosh,2
CTS,3
Aachoo,1
Windwalker,2
Kaizer,1
Krule,3
nich117,2
g-regulate,1
Ruby,9
BagOfBeans,1
rufi0,2
Bryan,2
Gon,2
jonnytest,1
Pandora,1
speezy,5
Flight,1
4got2wipe,2
yata,35
Fred,3
Hot Soviet,1
TheJewelMan,4
ShiverianSniper,2
wutang36genders,54
Monday!,4
huh?,1
ProfessorBeetus,36
Melissa Blight,8
Blooopa,2
Jxhnny R.I.C.O.,11
RJ7k,4
Zuma,8
RESPRiT,15
Lay,3
Mephistopheles,4
Coleslaw,1
Buwaud,6
Wafflemirr,1
Kingshukle,10
mako,8
Foxbat,3
TheHub,1
FoDucken,1
Frost,5
papa pistachio,6
jayylmao,24
Gorf,3
Chrs,1
CTEM,4
~tilde~,4
Indago,6
ajay,3
TH0MA5,1
Arpeggi,59
figgies,3
dang3r,14
Tattmin,1
F0xy,12
Cyber,3
fries,29
Violet<3,11
Rachel99,2
forwrd,1
Green,5
6TY,1
Moose,29
LATT,3
Verbosity,2
Tox,4
Jecker,1
Taterade,4
mtmartinez,6
Germ,1
Chronoyyz,1
Lamp,15
BIRB,4
MaitreDUjeu23,1
TyroOfMerp,1
groundskeeper willie,1
ElvisNeverDied,4
quinoa,5
Nerf Metapod,1
QDizzle,4
BrayGG,2
s3secret,2
injusticeboss03,1
Othmana77,1
MrEbert,1
gravy,3
Karkat,1
Grey-C,8
Nweed,1
Ashe,1
Zane W,5
dc12champ,1
Surfer Dave,5
EnmanuelVT,1
fyi,2
Casany,1
pr0j3cts,5
Plum Behavior,2
sambone,1
GLOOOF,5
NBoa,1
Movement,6
ttv qtpingz,2
appzy,1
funk,1
qrwe101,1
DM64,1
TheGibbysan,1
cruz,16
CrunkAssMental,9
pastaz,7
Slaps,1
Reapr,9
SNAFU,5
Andromedus,11
pkl,4
4Rox,1
Shudder,12
g0shine,21
Mikeish,6
tenacity,34
Glendian,1
cloud,10
BagOfSleeves,5
Bigwillyman78,1
RAVN,8
Citric,16
Blank,2
Dubrick,39
Ozsu,2
oNi,1
KELLY,8
Piggy Joseph,1
Chadley,20
Bardle,2
CurryGoat,1
JackSoSmooth,1
theswedes,1
Bentacles,1
Ambi,3
saffron,99
fansome,1
LONGDUCKDAWNG,2
llama,4
APrettyBigGuy,6
setherino,58
Alkemystical,55
Ahung,1
PSIris,1
PooplePie,3
Q_Q,2
Sinjuro,16
Jibbof,2
Afromatt,3
gingerburnin,1
Camdyn,8
hamburger,3
Feta Cheese,2
yourlocaloven,4
Vaati,1
Sigeli,1
Sam C,1
Indefin8,1
Katoosh,4
lilpeepeejon,1
Stickerbrush,5
Lalaballs,2
Repp,3
Nukelele,11
DoubleTay,3
The Funk,17
Keystone Light,18
GreDiam,1
gab,2
Ploverums,1
Broshi,5
Deetlefry,5
Undercover,2
PudPo,2
BootsHasBoots,58
Jej,2
DaDekuMaster,4
Saketh Marappu,6
Crack,1
Rory,5
Raz,22
sparkley_boye,1
negative-man,1
M4DC,1
Go,5
PiBB,7
boon,4
cartload,1
LocalDingDong,19
VicVuci,13
Toto,1
Jink,3
ex,9
rat,1
Dani,3
Gerbungis,1
Kenshin,1
JJ,4
liluwuzivert,11
50 Rats in a Trenchcoat,1
TLOZ,2
1th,5
PierreLuk,2
Karma,1
Brackets,1
phatnsassy,3
wack,2
Dr. Hunk,11
Cell,4
Firebug Charlotte,12
MrM,5
Knockoff,1
thunder1721,3
Lain,8
EtwasGlow,1
Lio,44
Jamboni,1
KaneStaff,1
sonder,4
Spider-Man Jams,1
SRM13,22
DiamondMan343,1
indisposed,1
Jek,81
hayzeus,3
smAshKetchum,1
matrixyst,10
Pr0j3cts,10
ZozoKat,98
Magenta,1
Epiko,1
Fabreeze,22
Crust,13
Pizza Frank,8
Apricot,1
NATO#826,1
CiscoKid,5
CPA,1
Dice,1
Chort Tortley,16
ilikemyodds,9
PBJ,3
Edel-Kun,1
Rotini,3
Positivity,1
AWavedash,3
Strokes,1
Flojo,16
E-akindangle,1
CoFi,2
ReallyRoe,1
Rock,1
ribbanya,10
Xochiyaoyotl,1
Patrick Swayze,3
Smoker,4
Swesty,16
RIVAL,1
bikegod,1
MagicBottle,1
doug,6
IronBeagle,9
bean#629,1
P.magee,8
Neo,2
Devin,3
Luckyowl,2
liquid nitrogen,4
WeirdPumpkin,5
half,1
Ip,1
RoqMan,1
Els,22
Fleskore,11
Trench,2
Smyles,1
DGXB3AST,1
FLATS,1
Gala Opta,2
Proxy,6
Mr. Jack,1
Wobblesfan6432,1
Fej,14
Blorp,1
Chickenzzzzzzzz,2
Gaming,1
CreamyCombos,3
Thrpyke,33
Stringbean,1
Crayons,4
Strider1,1
Mxlby,2
ENTP,4
Bells,4
SoloLevelingJack,6
Thoughtsieze,1
Cosmic,4
bye 1,50
Myrrh,3
Fujj,1
FiZzz,2
Alcapwned,3
Lain,2
bye 2,42
Popsya,4
cereal,3
DIMI3,2
slippers,1
Jv5_Guy,1
breakcore,2
Dennis,1
lexi!,19
Zone,1
Thirsty,1
bazzball,1
patit0,1
The___Baron,1
Yackson,14
TripleABattery,1
Queso,1
NoEmotion,1
MOM#265,9
Dst3,61
dahperson,49
Afolabi,1
BigMilk,4
Hart,12
Kuroth,1
Hyper,2
Evan,2
Kiko,1
PsychRiq,1
Daunted,13
Parks,1
Breezy,1
Wockhard,1
Egsid,1
quicho,1
GlaceUmbreon,5
cammie.,39
DongDysfunktion,21
Dark Triad,18
the fire returns,7
PizzaD4wg,11
CrazeTheSlime,1
nugg3t,1
Kami,3
RoseJ,1
Al3,4
Vance,1
Slimy,30
Blu,1
Gamebot,8
Heracullum,2
BigH,4
Arudo,1
Kohe,4
Vinegar,24
Jonesy,3
Rook,1
CloudSmithy,2
marbs,12
LonLonLeche,6
mattpopa,4
Ellemental,2
Chagüita,1
wisp,1
NCSha,1
Leche,2
Keller13,5
rexeford,17
Jackjack,7
Misty,4
nickc,1
hina : ),3
w  e  e  b,9
BP,5
Zedulo,21
Genz,1
Donny,1
Orio,11
hyatkyatt,3
Please just call me Joel,31
rama,3
Siege.,1
leery,6
Asuna,3
east,8
mrbruh,2
Azmu,2
Golf,3
Noly,3
neloupe,4
meyriu,5
godofpigon,1
Ryan,1
maplefields,3
Concomm,2
Whoneedspacee,24
Thoughtblast,1
Bond,3
Toundra,1
itsgdubs,2
ThunderBlade,9
Jdizzle,1
Sahara,15
Cautious,1
Ryan "ArStar" Allen,10
Teakplum,1
Quote,4
Agent,3
PhantomRz,6
turn my swag on,1
OliveJam,1
BishopPair,3
Premium_Slice,1
@mickgcc,1
Gewl,1
Smiley,3
drimys,15
Rainbow,8
aces,1
wahsher,7
homemadehappymouth,2
Fives,6
Metawatt,6
boba,11
noided,44
HyperGlameow,1
Leeroy,2
lumor acc 2,1
CptnFalco,1
BoodFitch,1
Bootleg,5
Oathlivion,1
BurtBurtler,3
drugridden,1
Blstar,2
phillyhoops,20
FLiP_,18
Toomeh,5
CarrotDaddy,2
Bleach,7
lexi,1
Hotdog,6
Volt,1
Dipdart,5
Nando,8
Pure,2
akean,1
KukkiwonWT,2
Indica,13
CPT.SPACEBOY,2
Forb1dden K1ng,1
HaterOP,1
Showtime,2
PuP,1
Stevie's Dad,2
yaag,2
bomb,1
Guak,2
megaman7799,1
XxX_lil_orchiectomy_XxX,15
Levent,2
Breloom,21
Cowboy,1
Toasti,11
Dagz2Richz,6
Chedie,4
Panterbell,6
Aubrey,1
Meth Rosenstock,1
Fura,4
patkappa,5
prey,1
JakeBake06,6
Shromp,3
Bradlezy,11
Fairs,1
puddock,1
Squared,1
Sonicfan2015,6
Eyemaksed,3
M1sf1re,6
Muslim Marth,3
Goldenice42,1
Zazista,2
Abel,30
bonkers,3
Spowart,3
Oval,2
Connorrhea,86
dude man,1
Tybar,10
Overcast,10
Checkmate,9
Arch,2
cowboy,1
Monarc,1
Froggles,6
Inkledible,1
decent_random,2
Ginja,2
Geek,3
aDSd,16
Bagel Bites,5
gingersoup,1
Actual_Trash,1
Tickct,2
ONOFL1X,4
Zertas,1
P Will,2
NEVER!,9
sundae,2
Gaussian,17
IMightBeABeard,1
AVNJ,1
222Fire,4
Dinkster,4
Jackie_FL,4
Derfbez,1
Trillon,1
Astrobeat,4
Chili,2
void-e-d,6
etp,1
Lemonade Stand,5
WW77,1
Aquasmoof,4
Puffy,4
Shikimiri,4
Petra,9
Teralac,1
Waffle,6
Trad is Rad,1
CENTURION,1
Bone,1
grep,3
BLT,1
squatch,12
jibajabber,2
Dumy_thicc,3
fonkymonky,5
Licht,2
Aromatic Cactus,4
gdfgbvvfgtrtg,2
Sway,1
Spinach,1
Jinsoul,1
kotary,6
Coin,4
XLR8,1
sammy_jpg,1
BabySeals,1
Even,2
MurderBeam,2
iamcheeks,9
JP3,9
Cass,1
Shiiv,3
Flamin6o,6
PFL,9
Ace,3
Albert999999,2
Offthaheezy,1
Zeitist,14
pluto,16
Orange120,16
Saki,1
Hi Hi,2
norn,2
yackseb,12
Housefire,5
TEEJ#246,1
Snooflakes,1
Bobakanoosh,14
ChessDaMan,15
Dezarme,1
jacob,2
Zioxiis,3
pirgon,12
BenBigg,4
wutangdan,3
Jabukahn,31
Guppi,2
Not Good Player,1
Stump,1
Gwenrevere,1
Huascar,2
Zen,1
Bananimal,29
GrandSlamHam,2
UGLY,1
justabagel,5
ZareiZa,3
whenrainbows,2
Caboose214,1
NutBuster,9
avery,1
JJV,1
WallaWalla,3
relisoc,51
Alex Kabam,3
Rookus,2
Jakx37,1
Cocaine,11
hotcheetos,22
Brub,1
HallowedPumpkin,1
Scout,4
Lankan,1
excalo,1
Stagred,6
ryce,2
duLuded,1
IDK,16
Hsvoid,2
rob,1
Duplo,1
w1ndy,2
Gasgano,1
Benty,2
Kyeguy,4
Clean Returd,1
Piggeh,1
NARCAN,3
MOSFET,1
Thyme,5
gnont,2
Homeslice,1
Chia,1
Hibou!,2
Kevinater,8
Elyse,1
M00SE,1
Jarias,1
Dasukur,1
Noob-Noob,1
Frostfaxe,3
heavy_void,1
Cb0t,6
Narfi,15
Ise,7
Catalyst,1
JacD,1
PDAD,1
Wumpo,1
dollarnuftynuf,1
Doto,2
TK,1
Naps,7
sam.i.am,8
cuddly,1
Barcode,2
dizzypunch,10
Soup,1
Yvng Carpet,2
Corndog,3
vvitch,2
OmegaFactor,1
Jah,15
Moenonymous,3
Katastrophe,17
Twinkle Toes,20
Peele,37
CremePuff,1
aleesper,5
JilliBean,1
Chives,4
lurkr,1
Flummox,2
Boris,20
Lumi,2
Mushroom Child,1
Leach,2
Mathuss,3
tofuboi,3
Sunnova,1
MrCapeYoGirl,10
sircat,1
OG Kid,1
suhnee,2
Tetros,2
KrizpySmasher92,2
Capri,2
Namazzip,5
Prince Fai,2
Phoenix,6
Guren Mk-II,40
Fawn,2
King0fGreen,1
Slip Boy,7
Porkis,4
ChipGod420BlazeIt4Christ,1
Wello,7
GirambQuamb,8
Moxie,1
Squog,1
turt,2
3,11
Scoober,2
FriggenCake,12
ssb,1
Faust,2
SirTaco,6
Elymis,2
Gimmick,11
MysticMac,2
Ashes,1
CR@CKmUNCHER33,1
FlyingFish,1
Jex,2
Moses STRSWAB,7
Phis,4
FreshKong,5
Cheese,2
Chamako,2
Pebel,1
Critickail,3
Ozzy,2
Saber,1
SYco,1
Purple,6
Zuber,6
Sansama,1
Potosh,5
Tump,5
shoobopper,6
La Rosa,2
Sevinipher,3
-Fern,1
Greg House,2
Fruitinater,6
DAZ,2
occult,2
brick,2
Raphy,1
Inixel,3
UnknownKing95,3
Buttons,1
TLO,3
EN,27
Dishwasher,3
Croc,16
Acts22,1
guywhoplaysbass,4
P1,1
Stove,6
zgt,1
Snom,1
PopeyeMD,5
Huck,1
Dusty,33
Pasta,1
Carpet,1
ChrisTheYoshiPlayer,1
kingpiehi,23
Zay,1
jester,1
Emi,6
Hellbeanz,1
Trejohn6,2
Feller,1
gold,2
WillDaPill,1
| Key,1
FrenchiestFry2,1
Alpha,2
Goobo,7
Triple M,3
Navi,3
THE HAMMER!!!,4
BeaKay,20
CZIN,1
TeezyLvl205,2
Majin_Buu22,3
Pteramos,1
bakaqq,1
Champloo,8
4hunnid,1
DjShinySilver,16
Mute,3
Xlcup,1
Kingly,1
kenstink,1
Lens,5
THR33EXOH,1
GabuBabu,2
Lionbooster,1
sheepy,5
tasker,1
Krius,1
TeaR,1
makeout creek,3
Swagner,1
Sucre,1
Jacacorn,1
SpiderMad,10
rend,6
m0noid,1
Logski,1
chugg,5
rest,29
slommy,4
Delta,3
BigT,3
Swami,3
Areeon,3
genericMilk,1
Wind,1
Rezonate,1
Hounds,1
Daring Otter,5
KunkyFong,26
Teagan Falcitelli,1
Thomas,1
RD,13
absynthe,19
Jboss,38
B.C IVY,3
BongPack 69,4
man,1
Merlisker,4
Sawyer0622,1
Anconoid,70
DontFstarKngRollup,10
Cakemix,3
dandrew,5
Phi,20
malcador,2
TheEagle,1
Hi C,12
LB,3
Beanie,4
cool john,3
Permanixx,6
Tovi,4
Feelin It,2
CliffyB,1
Ryce,9
Cadrega,7
VicSaucin,1
Land-0,4
Yahooz,1
FOXY,3
Raccoons,1
Jio,5
never,1
zfloe,2
Chill_evans,4
Dormant,6
ACFIX,1
Borger,1
TheEPA,1
Civet,1
SFUL,1
karate no juice,1
banna,1
Samus I Amus,1
Easy Bake,6
Astral,7
kowza,1
Jemul,7
GGsZus,1
bandit,2
Shoop,1
dre,1
DanDaMan,29
Lyfrano,1
CarVac,1
Thpt,5
4square,5
kibe,2
Chomsky,27
Nexodus,3
Mana,1
Blep,3
Plokmin,1
Link0233,8
MatterallXR,1
Fraud,5
catsonthemoon,1
MagicMagicarp,3
Shiner,10
wizard,2
e-mo,1
Oki,1
CondensedMilk,2
e,3
shrub,4
RedPandaLord,1
Wahaba,9
Mysty,2
Scuba Steve,4
CommandQ,1
Scrubamanjaro,3
Salvatore,4
CountIfShine,15
Prandeez,13
Buffalo,1
Bandito,30
Jester,7
Sylo,1
Linguine,2
GG genespect,1
Nariz,5
Saiyle,1
TheHomeDepot,1
ThatGuyThomas,5
Euphonia,1
Hauf,1
Pugx<3,3
E$pa,1
Yang,2
DryCereal,1
Griendly,1
ShardOfKingdoms,1
ada,18
Wavebird,1
QuickSpooked,2
neat,3
Bazool,9
maxwell_esq,1
Boomsaucs,5
Beer,3
Eclipse,3
Arrow,1
Ray_Ray,1
HVAC,1
Pursuit,1
Heisenkush,1
wiibur,4
AVA_YANOS,1
bluerose,1
J-Nols,4
Mask,1
Swerve,3
Vamp,3
ethi0pium,3
Mad Matt,3
Dawn,3
Wumbo,1
Gremlin,1
c0ncerted,3
Petedog,6
jigglypuff,3
Xplosive Oaks,2
Coat,1
imadethis_,2
Pine,2
Caveman,1
Josho,1
K4TRIN4,1
BIG FUNKY,6
Species,35
fran,1
sawthin,7
Shneik,3
RiskyPullout,2
Conceit,37
DigitalSno,6
Nutmeat,1
Squidward,4
Cyber bunny,67
Badger,3
Buck,2
Dealer,3
Bontalor,1
John Smith,8
GrifGrungyGash,1
Minihoot,1
Loonie,6
dilly,2
arrrrrrrrrrrrrrrr,5
Kaeldiar,1
Chicho,1
Ceora,1
Static,1
Enkidu the King,2
PolishedGrain,7
yosh,3
angelo#1111,1
MilkyDudz,1
rymar,5
MilkyDudz,3
Frisky,1
trophius,1
jellygoober,11
luwi,10
Beans_Of_Soy,1
ethan,1
kawa,14
Dylan,7
lovestory4a,5
GUYFLY,2
Jackdawss,1
ego,1
Aaromiss,1
Saikou,1
Gameguy,2
Tanchor,6
Pompous Quail,2
Jesuscametwice,1
Cell,3
Infi,4
Megacaat,4
evie,3
frizz,3
Reddrommed,1
deucie,1
MommyMilkerzMotorboter,1
StarGoldfish347,1
MOOCH,9
WalterJr,2
Home Town Hero (HTH),1
Mac McKlang,3
Ounce,1
joaquintorres2012,1
DJAN,1
Chobani,2
lochnessed,1
Salmon,1
brainsobigiateanikea,6
Dagm,23
Reesey,10
afterimage,6
Pengu1n,2
Osiris,1
Deign,2
Scheme,2
Leo!,2
DropZone,2
Saint 009,1
sandía,1
StarLy,1
Peepers,1
KEB,7
Beater,12
cisco,1
slim,3
Rook,3
80HD,1
oog,3
aveond,7
Goro Goro,2
Savvy,5
Sparkbeat,2
r33nnn,25
Sign-_-,1
petard,2
kelley,6
Donezo,2
MaestrO,1
Aerto,1
Afro,1
Danboi,1
Rax,1
Cuervo69,1
Prune,5
PuffsMD,1
Danko,1
Milky,8
SuperSmashBailey,2
Dangly,15
CALD,1
Everest,1
Urchin,1
Flanman20,2
N80,23
A The Keg,9
DumpsterMuffin17,1
Tully,1
HypnoJam,1
mold,1
germ,1
SolderFumes,1
SpookyCalciumBoy,4
| L |,1
Nemisune,1
Costanza,3
jayv,1
Oozi,2
UnilluminatedProtagonist,1
Kyle Winters,1
MasterHandjob,2
mlmlop,1
Sir HekTor IV,1
vueko,3
boopy,2
Jakobe,3
Dad?,1
Semble,34
HiddenMotion,1
Obi-1,1
Cyprinid,1
wub,3
Chilled,4
LowTierWithMe,1
goobap,3
Quote,3
Fatal,3
Newportxd,1
Eriginal,1
GTFoxN6Y,3
SUNSHINE,3
lepi,1
Momhunter69,1
carbinePRO,1
Scottie Bird,1
F#7,2
AmyRose <3,6
Objection!,2
Baron,1
Count Sackula,1
Bacara,2
skitilzz,2
clitorus,1
Sethibuns,5
kaist!,1
RustyShackleford,1
RadioNights,40
S0UTHV13W,5
VOx,6
Hapless,3
Eyemasked,8
iWillGetBetterSorry,1
i love you,3
Bairon,1
Kona,2
saucymain,16
Cash Cow,1
Kai,1
Dwig T. Smorin,2
Levi,2
xriver,1
Goose,2
Trademark T,1
Messiah,1
Jon Prime,1
Ykb,4
Soap$,7
Fug,3
SpookyMulder,4
YungD0nut,4
Xeon II,1
Malaria,2
Keylogger,1
firestarW,6
Wander-19,1
Sev,8
PenisTheWanderer,1
MachoCheez,3
R4venous,1
jazon,2
FreshGoat,1
kdog,6
Rigo Bigo,1
Binary Clone,1
SamPop,32
Duelskis,1
Dr.G,3
Ren,1
Skoom,1
BeyondPerfectly,1
spades,1
Chef Royardee,1
Dindor,8
LoreAx,1
SaveTheBees,2
SCAP,2
Shady Lane,1
VIAGRA,3
Clumsy,1
Step,3
camboyo,9
10toedslof,2
Matty B Grapps,1
PepsiFizz,4
J0han,5
neqzn,9
EggZachary,1
LT12,1
Dizzle,2
BigT,3
B0XXBLNSS,2
Groomp,65
Cedar,4
GoldenBerry,1
Rolf Gray,2
Moro Astray,36
MurderOfCroz,1
Mort,3
Ignatious,2
E.V.I.L3monz,1
Swill,1
Demo,8
Ember,2
Aldum,6
Star!,2
Lcaribou25,3
R3W,4
PiE,3
roofb,1
Rogue_GnW,11
Uncle Bunga,1
Aerto,3
fatiz,3
Gekaku,3
freshninja11,2
Brunalgas,1
rvp,7
Tempest,5
Superst4r,2
Conbrad,2
trade war,1
Jam,3
truths,14
Ayne,1
Gi0seph,4
Penie,2
66,1
Seamus,2
Aminimouse,2
ComradeSqueeze,28
m u n e b e a m,2
Roob420,6
roofb,8
GreenHornet,1
ACE,1
VictorFL07,7
ZWiP,4
Maurice,1
TSLA,3
TheBigBoiShadow,1
Kestoro,2
Tums,2
dooki,1
Graynade,1
GucciGamingSocks,1
AHeroOverNight,1
scroticus,1
Acolyte,7
Clam Money,2
steakhouse,1
dB cooper,5
PudgyGerbal,1
Demo,1
BIGL,1
Kadence,5
Ben10,2
Spence,1
Trev,2
Atonal,1
Tess,3
steve,2
2010Swag,1
Gibby,1
Anchorite,2
Deen,2
Lilith,2
joeyrepel,1
Waves,1
Kade,3
jynx,6
Emperortaco,2
nakkleee,1
Mudssun,5
Rickle,3
jøngy,1
Lyon,22
Tony Gunk,1
osco,1
PartyCrab,2
Smex,2
snov,9
DrMoo,3
ACchampy,1
Mic Qsenoch,2
atone,5
YoungWorm,1
Utopia,7
flud,6
sneed,1
AKU,3
xatudrip!,1
Rouxmarou,7
Nomad,1
Nara,1
zubbs,1
Cinco,6
83nlo,1
Mew,1
Barry Allen,1
semteks,29
K3TCHUP,24
Guanacerator,3
Riviera,1
Noso,5
Firez,1
MooMoo,1
Taijem,2
WhosKite,26
elements,1
PHil,1
Blu,2
Justeezy,6
Karv,1
Five,4
yukicash,2
Rival09,4
MikesPepsi,1
garfnuts,6
Slapshotfan420,1
crocsandwock,4
DJ Icicle,5
tide(daochien),7
Kaira,2
Kuronuma,2
Momorinn,1
Starshiner,2
Zaza,2
Deadrat,4
cha$e,1
Galahad,2
Faith,1
apollo (real),3
Mika,4
SkinMan,2
Stars,1
MVine,2
shambles,1
Daminark,1
mase,8
griff,1
McTubbins,1
AceBox,6
Marshybars7,2
DR.COCKTOPUS,53
Thomas,7
SuperFern,2
Galeo,1
zz,1
TATA#961,13
yourname750,3
Archelaos,71
owentl,4
mendy,2
doPe,6
TOGL,1
DarkLucifer,3
oz,7
Pergzzz,2
Pigsareawesome,2
Tabletop,2
BladeFox,5
Penguin,1
Siggy,2
harthunter,16
MoFro,3
Moth,1
hyatkyatt,1
thai,8
WoahD_,9
JGWentwort877,1
5nowdog5,3
McDonald,1
jeronimojimmy55,2
jdmnodoubt,2
BoBo_,1
Mr. Pig,1
LukeIGuess,2
Kevin Nguyen,1
Abird,1
hungryman,4
bobbyportissimp,1
oriole6,1
wonky,9
OctoBotKing,1
L33,3
DoctorBleach,3
Jose_Cuervo,2
CloselyToasty,4
breakfast.mo,1
Ohfu,4
TourGuide,9
memo,2
AlphaSnail,1
Brew,1
keeta,3
Broche,8
Lish,2
Pop,2
Queen,4
Gravity,1
LD,1
peetapasta,1
Jeremy,13
jakeyizle,3
BMM,1
BigJake,2
WillDaBeast,1
cill,1
TeaLovingUncle,1
EIIO,2
OliPîpe,5
cum gaming,1
CamiBear,3
Cabba,2
m0use,1
Gummy,3
MWStage,1
Detto,1
tini,9
Hannah,12
spa#242,1
Geeky,16
Ian,2
Kicks,1
Kreg,1
Ernie,23
Salty,4
LionHeart,1
Daviator,11
Wombat,1
Archnetic,1
Slab Crab,10
Elimination,2
krynona,8
Tkanbaru,2
Edoc,3
Schwarz,7
miko,1
Kazaam,6
nicklebackair,1
Rogue,5
ThePikaPlayer,3
Neupe,2
Shyvalry,4
Hsvoid,1
maltersu,1
dodecahedron,2
Bobo,2
LLSF,5
FiIjEe,1
Shiva,1
Journey,8
TrashMystic,12
raggedy,1
Moon,1
Kuroth,1
sleeptalky,1
Landoro,2
Kinetic,2
Dan the Man,2
TheGoldenEel,7
Venator,5
Batacho,1
Ginny,1
Mel,1
speedcrusher926,1
Fern,4
AlexTheEgg,1
Farsyde,1
Bringle,1
Stamate,1
kotaro,1
Benny,19
Truculently,3
PAPI4Red,1
SNKY,1
Rivers,4
chunk,2
Parker,1
Blues,1
Demiiii,1
promonkey,1
wrighteous,9
Rangi,2
QWERTZ-WASD,3
AZ,11
iRecallCorrectly,2
sebagoz_,1
DrewLewien,4
Flopping:(,2
Jumpae,2
HEARTHACKER,1
holwy97,1
Hunter,1
pizza guy,11
NickxNC,2
Yttan,24
Etzli,11
Kogs,1
Sethers,70
Tundra,1
Larry Mozzarelli,4
JGOLD,39
Sukoo,2
HYPERS,8
Ediot,3
Bumper,1
Squarah,2
SuperDunk,1
Little Bod,1
ChadleyDoRight,2
W0mZEe,23
Mr.0,1
Liu Kang,3
FFN,2
Razz,1
Fidooblius,1
zackinthechat,5
goose,1
spader,1
Megabaron,19
dindleford,1
Claireify,22
Puglover,1
Backpains,1
Jedi Ryan,5
Beto,1
7dogguy,1
Gram,1
monorail,14
ToniMcBoni,4
Myth,10
Bishop,2
JetFall,8
scorbon,6
Fygor,1
Deej,5
Dilly,1
Aesor,1
cosmoish,1
TM_14,35
Target Employee,12
TonkaTruckTodd,1
discoman,1
Kazaam,5
Sanyo,2
AriWasLost,1
Jammywhammy,6
Casper,2
Zantho,1
mal0rdt,1
Blair,1
quinnfurd,3
Dancer,1
Nine,2
Crunch,5
Dex,1
$DJ,20
Youngblood,7
Buffalo,2
espa,1
oslo,4
Cranky,1
Bourbon,2
Fader,1
DownBadDrake,1
PapaJohn'sOfficail,26
Obwan,4
FunkyK,2
Carter,2
rzk,2
Jing,2
Ricky Blue,1
Cyla,4
moka,3
EnboricWitch,1
Synth,3
kolton,1
phelix,1
Theddy64,2
Ivan,9
Burned Cardboard,4
SaltsterFERDA,1
cea,2
NickenChuggett,2
LostOracleDin,10
GreenT,22
Bolshevikks,1
Fpengu,2
Neptune,4
Crapsacks,1
Lukieboi64,1
Supernice,3
smonk333,1
Lore,2
Sunbeams,8
Gibby,12
autojelly,3
Oatrick,1
gom jabber,1
Andylicious,1
Mork,1
Caffeine,5
sad bandit,3
2Nami,4
DTnobi,4
Bread,3
Doug,1
BeardedSpartan,1
rai,7
Caz,1
Oatmeel,1
Eko,10
Jag,1
AlexIceBucket,4
oxymoroningle,2
MarthSidious,2
Multiiple,1
chilli,1
Error404,1
Rob Williams,1
XXKANYEWEST69XX,3
Dee,1
Embermint,1
MethDoubt,1
香蕉哥,1
Tong Wizard,4
DUNE,3
melon,10
cream,4
spennyd,4
Skordio,2
goff,1
Blowfish,8
Bruschetta,5
capta1nco0k,12
YummyStyle,1
Jokeman,7
Eddy Spaghetty,1
MermaidCan,3
Stretch,3
Nuffball,1
TY,1
marty,1
Pooba,2
nMOG,10
Puma,8
BlueBrew,1
radchum,2
Schrett,3
Kimboten,1
RatSmacker69,1
David V.0,9
HAM,1
Fattaco83,1
pants,1
Sonicc,66
Rez,2
CT,7
waytwohigh,1
Apsire,1
DDS,2
Haupp,1
Krampus,19
samyull,1
Gravy,1
Butters,1
doctor awesome,1
Auxenheimer,14
Rinzler,1
Touma,1
Mach,1
ur gf,4
Spi,1
CurlsandGirls,9
Plight,2
MonkaMike,13
joester,5
Mist0rSw3g,4
Joey Asian,6
Box,1
ChadOmen,4
Synth,4
RustyBurrito,2
Kaz,1
Noodles,1
Strider,1
A-OK,2
The Giggler,6
Takffy,4
adnan,1
thanks,1
Gex Gon'GiveItToYa,1
ZeusDahGoose,3
King Scrub,2
schook,4
Steven,6
Klonopin,2
Open,1
Nubz,22
James Raisin,3
Zmbe,4
Jamn,1
Green Eyed Demon,1
Leb,26
JuicyCh3wy,3
GUAXX,9
jollyrogerbay,3
PoopFeast420 (POOP#193),16
Jinx,4
Canal786,2
Fawn,1
Kevinsaurus,2
small dog,2
Aris,4
joshua,4
Yeppers,2
-Dax-,4
Cheatoh,1
Halftime,13
thayboi,2
BxedWatr,2
plumface,49
Sunny,6
Howard,2
JacTotum,1
Zenoshi,3
Fizzy Blizzy,2
grandpaw,19
Gado,3
Duhaime,4
Bullcock,17
Happy365,1
drnt,1
penguinobeano,2
OHNO,1
NetherMaster2,19
Mysterymeat,3
mettal,1
Eeld,1
drift,2
geezer,1
Jabooli,2
Cave,3
kite,1
DJSpicyDeluxe,7
MattyMoo,3
JBs,1
Esdragon,5
RoxQ,1
Jere541,1
Fragile,1
milfinfo.com,2
Nugrawr,9
Darbleyy,7
slimeseason,1
Gamgee,1
MorkelMz,1
Buns,1
Cellesto,1
yon,7
Tehnian,1
jabrias,4
Fire Sheep,25
pink,3
Nirvash,1
Nick,1
stats,1
Cheez-It Swag,2
Drift,2
HK,1
austin,8
Kick,1
Love,2
H0id,2
FreeFormJazz,1
misa2k,5
Porvoo,2
Nylon,1
False-LAN,4
C3LC,1
achilles,5
MC#0,3
Lunar,1
breezo,1
Volleyice,1
Rolls,1
MJ The Experience,1
Dart,12
Jorg,1
imonxbox,3
CatsInTheBag,4
Dirty Dingus McGee,3
Bwad,2
goosey,4
W1ndy,4
JiggsAlice,1
Easter,5
Bag.,38
SpiritA,12
kdo,3
KYUSD,4
Canyuhn,2
Iceberg Sampson,1
King,1
ranba,2
Neiner,1
quank,2
Dunksquad,3
Febreze,7
MaoGou,2
Gryf,3
Muisey,2
S-Gamma,1
Sweatshorts,2
Dad?,2
ryanisnothere,1
bananamilk,1
Dinglehopper,1
Blitz,1
Melanie,2
Big_Taxi,15
Jarb,2
Diggs,1
Grey,2
Grammy$$$,3
Doof,1
Dolphyn,1
dkal,2
Riptd,20
SharpenedMatter,5
UTDA,14
Suoh,1
Anti Squid,7
Vandy,1
The Chiropractor,1
ursa,6
TriWing,1
Toad,1
CMG,3
Tawm,9
tofaken,1
Leonidas,3
AugustIV,1
Crowken,3
NalleGris,1
Pi2z,5
Cashanator,1
Chomp,5
Azul,6
Ryttz,1
Rojo,3
Detto,1
waveshart,1
Yankee,14
Smog,1
Scrimbolo,3
baloney,2
Tato,2
Pich,7
JakeyBoy,1
Shion,1
Zorua,2
FarmingSim,5
Guwupy,1
J-kerm,1
KineSquared,2
mung bean,1
Xd,2
Yeet,1
RDEE,1
EastNumber1Fan,1
Cloudy21,1
amoramor,1
Liim,7
Liquid Masaya,4
Neko,1
Icy,4
Dennis,2
Oh Im Magic,3
Finlay,9
BasilBoy,5
Baloo,1
B-Rabbit,5
Pon,27
tinyjudge,5
GregOptomo,3
manQ,1
xyer,5
Jerm,1
FrogFace,2
bigGUPPY,5
kipperthefrog,1
nuclear,7
Seeded 0-2,4
NP,2
tveaux,2
Broot,3
mt19937,16
Goose447,4
Thehealingbot,15
Isekai,1
Zer0es0,10
TeaKay,1
THEDOGPOG,2
Forestz,88
SuperDude,14
moobs,2
ZiVoidd,1
Perry,5
soaf,1
hancakes,2
Alby192,1
Bepis,2
Somatic,3
Adam,4
Zly,1
Bearo,1
Space Face,12
END,4
Cleminem,1
ShattMaster,1
Cruelty,2
Brown Starfish,14
Rollover Minutes,1
Katuno,7
UhOhStinky,1
ch1li,1
Lxgxnd,2
emp1re,1
asday,3
Roshi,1
Erica <3,1
GrayCode,1
Jagger,3
ALMOSTSICC,1
Kozmic,1
Tpoz,16
Retroh,9
McRib,1
Tiz4Riz,1
snipecelly,8
Snowcones,2
versarchery,1
Sevinipher,5
Zolo,2
Chamu,9
Twig,5
tannr,2
King Spaghetti,1
Manny14,4
cream,2
Cree,1
Perc30,1
Cirinio,5
Tacocat,1
Overink,5
zachary,5
fish,3
ArchPM,1
ace,4
Swood,2
Juice :),2
led,1
Gakuon,11
anders,1
jamV,2
zoot,1
SupremeJoe,1
Brendini,17
Vega,1
Cream,1
skiff,3
Zinc,1
i play samus,1
Chinnery,2
SiX,6
Thane,1
Javly,1
Buzzy,1
Moment,1
PAL Kilmer,3
MassiveProfanity,1
Penjwin,1
Mute,1
Bean,1
TheBellTolls,3
muthafugga,1
Jmac,1
Pelli,1
tatsuyo,1
Copycat,2
shyguyfan330,1
Dirty Dave,1
schoen,1
Bob Bob,1
FlexRod,5
Skoochy,1
Poocario,1
Orion,5
Pucci,3
Laspe,1
Mal,1
pmb510,1
peter,1
Seyfer,1
nas,1
Oats,2
fourfrogs,2
dabsol,1
Wy,2
Saspa,2
Kaolin,2
xRonald,6
Deli,3
Mr. InsaNe,30
Hometown_Hero,1
UnableTable,1
Fours,3
nullus,1
Jovian D. Ragon,10
Farooqui,2
Xporzy,1
drip,1
mattv2,2
SeaWeed5,4
GAZZO [Cartniteeyes],60
armadafan2236@gmail.com,3
Taza,1
Neb,1
Arrogant Commander,2
DarthMitch,1
Blooky,6
ItsMints,1
denali,1
HylianMango,5
jayn,1
Malletec,1
TheClaw,13
Nato,2
Öpp,1
sqare,2
JS,5
Burbi,4
Estrogen Burger,2
zioy,15
Brodus,1
nakkleee,1
DannyB,1
triage,1
bluetree,40
SID,1
DaySploon,2
ReLaxn,13
Sing,1
flamingo,3
Wipes,1
Mahoyo,1
MooMoo,2
whitney,2
Jub,1
Sav,1
JProc,3
ShishKabobJerry,8
Soft-Boiled,1
big fudge,2
ho0zy,2
thisguyhasaname,1
Irre__,1
PoopyDiarrheaWetHotFart,1
coopeachu,1
Huet,1
cap,6
Billy,1
Woodley,1
Patti,1
Gomerdi,1
Majin Bobby,1
ttv/badgerjojo,1
ovengut,5
al,11
Hawx,1
Dagger0422,1
Renegona,2
Kevin Stone,2
supremelol,12
mrboi,1
Skeleton,7
CheeZyPB,15
bain,1
Maverick,1
snls,2
alhecks,1
L is Real,1
Cav,1
Wizardb171b,10
xLordMilkx,1
Vashen,3
Sylvexecho,2
Tosa,7
E-lan,9
Punk Of Funk,1
HitchHikr,2
Showna,1
Psyn,1
Not Till 4,2
Soldado perfecta,2
Wumbologist,1
DryBones,2
Giovani,2
Cybil,3
jinjinora,1
KittyCrusade,1
Duhrdy,1
UrsusLvovich,1
Ferrous Bueller,12
Nip,1
banksyy,1
Eclipse,1
BlackishSlate,1
the people,3
Ohm,1
Arlong,1
jeff,8
Orchard,4
D2G2,1
litebow,2
Cadenza,1
Pater,1
DanielRGT,4
Hyperslurpie,1
Sponge,10
Gwen,3
Asterz,1
Titan,2
Naate,1
Karthx,9
Joshua,1
Slatty,1
BallDestroyer,6
Clam,13
Dimebag,1
TheLapisOcelot,1
doctor awesome,2
Lidistus,2
YoungsterCody,2
Jj2damax,2
DrCranium,1
ZeRo,5
Aphsle,1
JicamaTrotter,2
Joe Shmo,1
Kingpoyothefirst,50
DownFall_99,3
Allergic to Latex,3
danny,1
Romulus,9
BlaNkRp7,1
Faye the Fey,1
JJTY7,5
JoshN22,6
finn,2
Teabags,5
Certy,1
Texas Rage,1
Jj2damax,1
ykSin,1
LimeO,1
Holy Moly,5
Skubert,2
mugsy,14
The Scrub,2
Smigulvits,2
Evie#45,1
King Futon,1
Demon,3
FallfireFenix,1
OnlyNines,5
KARL,1
BurgerBiter2006,4
Brockmanly,1
Lain,4
BPS,2
JJ,3
ashywashywowie,1
wAx,4
Dorito Breath,1
dArkLuiGi87,1
Pickles,2
viridinan_239,1
ten%,2
Mr. Fundamentals,1
Stink,11
KmarT,3
Poopman,1
Wak,1
Musty Blockus,1
Nero,1
Sleeping,3
Crain9,3
Ye2024,1
go0se,1
rolf,1
Haboo,1
Katakuri,3
PbPretzels,1
Jerbear,2
baselord,1
bananba,3
Daft,2
datsal,3
Jeremy,1
win free ipod,16
Domasaur,1
Inert,4
pupdrdoionfg,7
Unky D. Luffy,2
Markokop,2
Marquessadilla,2
nunderscore,7
elms,3
plushcryptid,1
Fluf,1
Phresh,1
wowfan69,1
Harni Darkstar,2
andu420swag69yolo,1
Jimmy Dice,1
Mayo,1
King Salami,1
Myle,1
joj,3
bbpoltergiest,1
sive,3
Gengar,1
BIRDMAN,1
Willard,2
Espurr,2
tea7,1
Royal,2
Virus the 1st,5
guhh,5
Dad Ghostal,1
SquattingxBear,3
MaRo,2
Duplidoe,7
Skibity,1
Feef,1
Louie,1
tyler13,3
WaterChamp,1
honk,1
kel,17
santa,1
xavier,1
Zluxiox,1
ZeG,1
Carolyn,1
Deez Nutz,2
KBAE,1
RyxX,1
Weedwums,4
candee,1
ChiefBuffalo,1
HKZZ,1
Ossikhy,15
onepiecefan2009,1
tea7,2
tablecanon,2
Stunt,2
spian,1
Jaydyn,2
JOe,4
Vexillion,2
Dual-Kirby,1
Online,1
jimothy,1
ella,1
Ferny,5
Gilbert,1
barrow,3
CopperChicken,8
Tomoko/noxsei,3
Yanza,1
Kam Steele,3
vin,1
Skritler,2
Pockets244,2
AgitatedSloth,1
Cortex,4
Tr1pl3,2
Chilled,2
Madwhale,2
Cool,1
rafi,1
Godly,1
Buddwaur,1
timburt,3
antwnanthonio_,1
Polyphony,2
Wavcrash,1
S0nny,1
Vice,1
Conostra,6
bobbeykin,1
Edman2000,7
3xp0,1
Munkey,1
Dirk Funk,17
DreadedPatrick,1
fozz,13
solace,1
joos,3
Uncle Jesse,18
DOL101,10
Opus,2
dreet,1
Lermonz,1
hiimtrav,1
tubby,1
Espurrz,2
KangaJoo,1
TypeN,1
Mez,4
jweird_,2
Monolithyk,1
surf's up. hail satan.,1
FredMount,2
narpynkhuh,1
edlover420,2
Mackee,1
boogie,3
dame,5
FreakyFingers,1
Fuller GVerse,1
TheJCK,4
3ster,1
JFSeph,4
Logan,1
rectumsurfer,2
Quikly,1
patricc,1
yap,1
Nedia,14
Chord,18
Matt,17
Disc,6
Mr.Noodles,15
Brodown64,1
CelesteQueen,1
worst,1
Permafrostfan93,1
phew!,2
AIME_J,8
Rurrin,1
LemoneFresh,2
TheBeanary,1
Klavickle,1
Stygian,2
IR2B_MLG,1
moonman,3
m0nty,2
ATT,3
Daddy Dan,1
TMH,24
Sailor!,1
BarnacleDad,15
Stern,1
iWater,1
gingersnaps,1
Rivid,25
irrelevant,1
Prime ROY GOD,1
Wesdoogie,1
TheJaredWilcurt,7
Bodie,4
GanjaMassExtinction1738,4
blank peter,2
burnoutclub,7
MoneyBags,1
OliOOF,4
RAYMILES,4
Pastiche,1
Muta,2
Mr.Snorlax,1
InsertURL,10
LightRiver,3
Thomas,5
Mac,2
P3P,2
RNAndroid,10
Farkrag,2
crescent,2
Jess Salamanca,1
lavenderscare,36
granty,2
Bomb,1
Td,9
FalconLombardi,3
idle,24
TTVarab_munny,25
VBTrigona,4
sinnamonbun,1
Stonerboyz42069,1
LemeLu,1
bud,17
Spokan,1
CO Kite,1
thequail48,1
PogAtog,1
Yoma,1
oldswoot,1
Shrodie,2
Branwen,1
PowerHungryFool,1
JMiLL,1
GiffyRubio,1
GCG,2
Addict,9
Kappa,4
sweatshirt,1
CXVALID,2
eGirlOffSupport,1
Mika the Shep,8
Drift,1
Jmork,3
kevinatoranator,3
Scoop,1
durrmain,1
ceRulean,1
raythecrater,4
Shade,67
Corrin,3
ninjagofan,1
techx,3
deus ex maka,1
chih0,1
RKaider,1
Coacoabro,1
Phrog,6
Tape,12
VioletsDad,2
CSharp__,1
Spokan,3
Caboose,1
PMT,1
Toug,1
Como,1
TsuRaggy,1
DonEorl,1
fruity pebbles,2
A_WOOSH,1
Dowesters,1
space coope,24
MackieMoney,1
QuandaCivic,1
A-K SiN,3
absaul,3
Zwiggy,1
Q,1
YaggziiOnYoutube,1
bullfrogging,4
Abstrakt,1
krotil,1
Lupien Fiasco,1
CCLia,2
lemon,2
Peaches,1
Yellcloud,2
SockCroc,1
JNS,1
Rayreene#1314,1
Ovvie,22
BobToad,3
Alyx,3
witchcraft,1
Sumpy,1
Snik,11
i change my tag,11
fushega,2
$40 Cheese String,17
loop,1
BooBee,7
semj1,3
mell0w_,17
Pope,1
TeamPear,1
Mysterious Ninja,2
Costa,1
ndd99,1
Goog,4
brooke =3 !,6
Cougrexs,1
HeyNolfy,1
K_,1
Electricburger36,2
Wagr0,1
decent_random,1
Edna Enjoyer,1
lilcheesybread,5
bOOg,5
CormFlaek,1
Sanjid,1
Hysteria,2
Dougbert,7
TheTrueOnlyNoob,1
colge,1
Wingydisc,1
Ares Of War,3
Preskilla,1
mrwoody,1
Macman427,34
Tumbles,4
Succle,1
Omitts,6
Lane,1
Serval,1
Andizee,2
Gado,2
iceeTea,1
Kazu,3
PnusGoose,4
grimby,1
SpaceCoastRep,1
Clutch,1
Dr bling bling,1
Gonzo,4
PutMeInCoach,3
Playa J,6
cambo,1
Pablo's Nut Shop,3
syko,1
Dan,7
Tubtubs!,1
Jack,3
Wardogz,18
Ben_SSB,1
Bronze,4
Sanic bro man,2
Mahdi,1
classic,2
sadistic witch,47
Foxyclaws,1
Wortex,1
lucy fotze,1
Trizen,4
Kitsumuri,11
EgoDeath,2
Quote,1
Arcanna,2
Phoenix,1
adagio,1
brxn,1
schmopp,1
pichu,16
CubeCubeCubed,1
preslean,4
gOOpey guy,3
baby mang0,1
bellybutton24,10
Ibrisky,5
Guts,1
bakaqq,1
lasher24,1
Nolas,2
Doop,1
TeeY,1
Acacia,1
chiliwong,4
koneko,1
Chee,5
ea.n,2
ClassyClam,2
Rat Funk,4
DistortedGio,1
Bog,1
Asmongold,2
Percival,15
Sotox,1
Spance,2
oCommit,1
Wanzukii,1
Linc_inc,2
miami,1
wumpas_,5
Stocky,1
Anulbrigader,1
Huffa,8
pippy,3
Salad,6
aerumnus/Aerith,2
Outcrazy,1
John Bowser,2
Kira2000,1
Zurakou,2
Sammich,2
joke,1
Gygas,1
Nathboi,2
Nukem,3
TofuShop,2
hachii,2
abyssAA,1
blue chair,3
retrQ,2
Arc!,3
Julianne,1
Cold,8
NullPTr,1
Calamity,1
b8man,29
BowsaMonYa,2
FrayStar96*,12
Dashyguy,1
Moco,7
Akrasia,1
ApacheGaming,1
TheMrDoggo,7
Synchronizzle,1
Trottah,14
nuts fattening,3
Sesame,1
Dinkleberg!,1
ge0v2,3
rpoj,1
guapo bin choppa,1
frugiio,1
EL GALLITO,1
Joe,1
Corkstire,1
Yoasty,1
skrat,11
Jeep God,1
RileyScott,6
nowa,2
Daggetbeaves,2
KingShinji,2
Scooze,9
t,2
CrabRaygun,1
Jendansol,1
Treeko,6
Falco Sheep,2
Ninja Boco,1
100techs,15
Scion,4
FaceCrunker,1
Tigger,1
Xompyy,1
Woodpecker,3
SwifferU,2
Newt,1
Eno,2
Stove,2
Doodle,2
MegaHertz,2
mags,4
dandy,1
Niff,3
ryguy65,56
metchlol,1
80HD,2
Arken?,1
clarke,1
goji,1
Koil,1
Terra,6
milquetoes,2
Micropeen,2
ZackInTheBox,1
Mydadhugsme,1
Aeado,2
Sumbigboi,1
Staypuft,5
BAJA,3
natsuki,2
Stove,3
Billy Bongwater,3
Delfino,1
Voyd,2
DubbyD,1
Ethan Shoe,1
KorRIN,2
park,1
CrusaderWill,1
modo,10
Flub,1
Internet Queer,1
flowjam,1
Seb,4
awaffleswag,1
temsoul,1
spike blop,1
JacobyF,6
Luna.exe,3
Lilgamer1444,1
Felix,2
danochino,1
JinoBeats,1
bonk,3
tushar!,12
Morgana,1
Sacred,5
Croco,1
yeph,1
Clobby,1
abd,1
vell,1
swag,7
EXONUS,4
s0ap,3
Meow$,1
koolsid,14
Fripp,1
poop haha,1
GrimmReaper,1
LillyBaeum,4
Nelsy,1
max,1
Kona,9
Soul,1
cynics,3
FLIK#680,1
greggo_eggo,1
topshot360,1
fangsterrrrrrr,8
holy,1
jaye,1
Sky Forever,1
RobinM20,1
Faliol,6
Talrane,15
Kryptic,1
Bunnyx,2
Jwal1442,1
Drayne,1
FeelTheIce,1
LoganDM64,1
butterytoast,1
jackpaulsartre,1
Malablake,3
tridentgum,1
waly,2
Zipy,1
Shanto,10
rustypaperplate,1
Touhni,1
Aria,1
MilkyCow,1
Fox,1
Dawn,2
wave,6
DSkong,3
FatCop,1
OodaBooda,1
Vermin,1
Purp,9
Brooks!,1
SOB3R,5
BigDub,4
BiggestBird,25
nansbox,1
jGray,1
raf,1
Mr. Clocks,5
BuisnessHorns,1
nichijoufan420,2
Ryuk,1
Condraversial,5
Native,1
Angryguy,1
Jumbo_Bonk,8
Phie,2
ObbieTheDuck,3
whyjusty,6
danny,1
wcbq,2
NEO,1
blipy,3
Hazeee,3
CommonNonsense,3
Dubs,1
Gambitツ,3
Electricburger36,2
Space,6
EggNog,1
Cranberry,2
NRC,1
ITA,2
ZelScott,1
kadala,3
Pennyroyal,7
LuckTakesSkill,1
Hahn Jai,4
No salt,1
GT45,2
exolsoul,3
Ludos,1
pragmatic,16
dyedye2,1
SOCS,6
gato,35
shiioa,5
zaly,4
Pontiac,5
Leaf,7
Starduckie,1
Retrosinic,3
Magic Man,2
Hyper,5
PONG,4
Lou,1
WibblyWall,4
MrDoughster,1
nicolai,1
Valor,6
Crunchy Hot Pocket,1
GARM,1
skylar,1
Tsunami,1
tehska,1
Plum,1
Neospawn,1
Slampadato,3
Penz,3
Windy,2
aliwhytho,1
MattyLongnuts,3
Mac,1
RAZR,1
Sice,5
Xtreme1805,1
Player 2,1
volvo 240,16
OG Thresha,7
blanco,2
Slytle,3
Dabs,1
G&L,3
Owen,2
Hellzhero,1
Nimoy Loaf,5
MOZYAI,1
RingWorm,1
Casey Flowers,1
Cybr,2
Johnswan!!!,1
Wallymart,6
dbcooper,6
Mr February,1
jazzology,1
FrostBurnICS,2
KellanTK,1
Wieran,2
isometric,1
AGuyNamedTony,12
Autumn,2
SlurpableFanta75,2
Palette#1,2
Mono,2
Kahli,1
Flatulence,6
newly,1
Logarithm,1
vireo,3
Teemoniac,1
Lord fartamor,1
Mp drago,1
bingbong,5
raingc,1
UnironicBowser,1
gwagon_69,1
Diggz,2
Rapidpistele12,1
Wankershim,1
fasko,24
Dye,4
Watching NGE,4
ricefarmer,1
doob,1
GoldyFul,3
Marcy,1
Yggdrasil,1
Phocus,2
Atticus,1
s0ggyMcR1bs,1
wudci,1
invalid,1
Cowboi,4
Fadeaway,1
Yaoi Jesus,1
php,4
slitherman,2
Rickeye_rick,1
Silly Green Guy,3
thetones,1
BiigTrungL,1
yuri jesus,1
Chameleon,21
Gooning to Palutenasfeet,12
MNR,1
jackie,3
cakeezz,1
MIVER G0TA,1
tomorrow,3
Dr. Larry,1
Glove,1
Doomed??,1
TeaJay,2
Minerva,1
LillyLime,1
Onlyhaf,1
YungWaveDash,1
ECONOMY,1
Evojo,1
nickadamh,3
Temicals,1
Cremboo,1
Bongosonthewall,1
4 my baby <3,1
Danieljamon2077,2
FALLEN,1
Lynnia,1
Santas Favorite Good Boy,1
Source,3
Xavo,2
nom2king,2
OneWay,2
Flocc,2
myspaceslvt,2
Altale,1
Tusk,1
Zipponst,1
Juice Tin,1
Pikalo,1
Mingo,1
H O T D O G,2
Fateil,1
Krizpy787,1
fable,1
SHABANG,1
schwippy,2
ThatMusicNerd,5
Shy,2
Kiwifruit,1
HB-314,2
Slepy,2
roastfellow,2
Zaire,1
RyFy,1
pajarito pequeño,1
Sato,1
Phosphophyllite,2
mleeut,1
Damonster109,1
Laovie,1
Leviticus Sackington,1
cisco,1
Dior,1
muse :3,6
Smugma,1
Lagarfljotsormur,1
Rohan.n333,8
eSags,1
jame,3
hjflame,1
YearlyParty,1
suky,1
Devarius,1
ResolveRoy!,3
Granny,1
glew,5
DaviTheCo,1
biaza,2
Rami,27
sloppa,1
Nexy,1
toastly!,8
bodega catgirl,1
Angryguy,2
Postleftism,1
FrankyPierce,1
Sponge,1
itsronde,5
Ypie,2
CMW,1
TheDuckInBlue,1
Kasai,1
Wayvdarula,1
Silver,2
LaZ3RL3GND,2
Florida Boy,4
monatonin,1
TriN,5
claire,1
Xarq0n,3
Kip,1
Swervey,2
zam,1
ZidaneGoku,3
Allios,1
Shane!,2
arts1ck_,1
lazuli,1
Zen_waterfowl,1
PenguinCult,2
2strains,1
Dominion,1
I2,1
PRIONBOIL,1
MrJoestrr,21
Hun13r,2
Rose,1
VILLAIN,1
Ritten,6
Marauder,1
clout,1
Latty128,1
spob,7
bigg_shlime 69,10
Harlequin,1
JacobIsAwake,1
StaleMoves,1
DeeKay,1
mufasa,1
unowned,8
Skitgoff,3
kamuki,1
OnlyLsTaken,4
Greywig,1
Flameck,1
AwesomeK,3
ICECREAM,4
Salmon,1
Toxzis,1
Yosho,5
FreshBoa,4
DJSALTYNUTZ,1
badger,1
rottytops best,2
Aloekine | ALOE#714,1
kaj,3
Dawnbringer,1
endo,1
Robit2553,1
Sibo,1
roy-G$,1
Super Disco,2
joelson,1
miss all sunday,2
Angelic,4
.reb,2
Reals,1
Straight-Ballin',1
Macmadoodle,2
cynmogu,2
Matuef,1
nawako,6
Wert,1
Ygtfgty,1
Jedi,3
violent,1
Ziggens,2
Winnersnail,1
radicarlin,1
Absurd,3
Tabian,1
aero,1
Blackguardd,5
salza,1
Aiyce,1
TekAjpu,2
Pseudo,1
Zyect,2
Blask,2
UltraViolet,7
bibney,5
SaladHead,3
Yoshinova_,1
Toad Monger,1
BitZ,13
Breezepisser,13
EZED,1
JOY,5
path,1
CakeBake,1
bundiee,1
bunnypilled,1
KyleCranberry,5
Acorn,4
Corolla,1
pissgirl,1
ColossalMini,1
Redmeteorite,1
RNGesus,1
AubSec,1
OgreBastard,2
ToxicBoogaloo,2
Sprinkles,1
Buster,1
sirwranwrap,1
Space Boy,2
cma970,1
Dudedudealot,1
ih8usuxa:),1
CanYouDigIt?,1
Clutch Powers,1
kiwiツ,4
timerica,1
Box,14
naptime,7
Typo <3,2
I duds it,1
derby,8
Penguno,2
Rascal,2
Vishgod,1
Umami,1
KagaminBunny,1
BMO,1
yojo,11
Stormo,4
lovelandpondfrog,1
tetriskid,1
LEGG,20
SuperSaiyanSpeedo,2
Jules,1
LEXTERSDAB,1
luckikami,1
Mogu Ally,1
tokisuno,2
J.O.V,1
FarmHands,2
Brainfreeze,17
lovelandpondfrog,3
Colb#631,1
Aces,1
dicesaber,1
Stodd,1
Soggerz,1
Auddish,1
Azdy,1
frizz,16
Coolbiz,1
Abl6,1
Puffy!1,1
Schmorkle,1
Raimon ATK,1
spriest,1
blind,3
vctR,1
pinware,2
Majinjune,1
ivyleague,1
Hawk,1
Kouen,7
weedgirl,11
Hwife,2
DarkCrushr,5
skye,7
idiotsyncratic,12
BRICKMAN981,10
Snowie_THE_Dot.,1
DylanUni,5
AlexWeebTrash,1
Jackson Pollock,2
Dougler,1
JahIthBer,3
muffn,1
buttbutthut,1
ThePOOPER,1
Smoked_Yuki,1
Vault,1
Jasongamer9000,1
KidToucher69,1
Buttfucker9000,1
Dadnificent,1
Lifeline,1
impulse,2
twi,2
evil hannah,9
Penguino039,2
Lyre,1
Loveyahlife,1
Kirk,13
Aashish,2
PSI Lucas,2
drank man,2
Stadio,1
cyber,4
Corvuss,5
SpaceMiner,1
Peach,2
Ghoodyghoody,4
dimsumdontsum,9
bryben,1
SheeshhKebab,14
Mocha,2
Coffee,2
DjDickCheese,2
tail,10
the legend of the plug 3,2
Tuck,2
SH4M00,2
uchie,1
2b3w,2
fallacy,1
GS,1
konkeydong,1
Fireguy,3
Ultimate,1
twink,1
proph,1
Hyperion,2
Zynergetik,1
Phlo,2
admsndlr,2
Mufflin,1
Cloverbugged,1
Odin2988,1
SuperSoup,28
Dormancy,4
armeeb,2
Synthesis,2
skedd,1
Beeg Beeg Yoshi,1
Jorge,1
Needle,1
Astrus,1
Linco,15
Dragonical,4
Score,1
211,1
Hijacked,1
Cresty,5
Xmate,1
Kiwi,1
P0P$,4
WDHK,2
tmo8tmo,2
Rainglaive,1
Nunu,1
effo#540,2
LeToucan,2
with,3
Biscuit,17
SquishRaT,1
Ebayg0d,1
octave,4
AdClown,1
1harlo,1
giglety,6
Squirt,9
Mika,4
Nort,7
Squink,7
Manataps,4
Sorakayi,1
nut,2
sandon05,4
madjosh18,1
leonoelle,22
Dogy,6
KarlStuffQc,2
zhuu,2
Adolfo_,5
Fr0ggy950,1
CalebFTG,4
Giraffe,10
Big J,1
Zanzabo,3
CormaC,1
Tvaj_,3
l0g1c,3
Willow,16
gore,1
SushiLlama,1
Scoot,2
Ragenight,2
Hel1x N1ght,1
Tiki,1
MEDIC,1
Nexlen,1
NighT,1
Sha$,2
MaxwellThePanda,4
CedtaroFS,2
Whales,1
FuzzyGiraffe,1
soyflowers,2
Variaa,1
Shaddup,1
Jombo,1
yoko,1
IF,4
Pwncho,1
Scallion,1
Hannabell,2
EthanzTalent,4
isaac clarke,2
Mello,2
brad nasty,1
Cowboy,2
jdhcdaboi,3
NotFromDenmark,1
BustedChops,2
konkeydob2000,1
Burbing,1
alope_,1
Oku,1
Charm,1
avriix,2
APaws,6
PenguinOfSpace,4
Gum,3
Mess Head,6
Solow,1
Hexor,1
Dex,1
Dormancy,3
Bucket,1
Advocate,1
Kirbs159 YT,1
BartSimpson1738,1
Slurps,3
chrisToFuh,1
pooperdooper00,2
bluey vuitton,4
XATU,3
Z-Lax,1
KYOU,1
avarice,5
KatTheRad,11
Razpup,1
OCULUS,2
Questa,1
Casey :3,2
Stritzz,1
party animal,4
JayJurz,3
Daddy,1
govolow,1
Postal,1
Candle,6
JoT,1
violetbyleth,1
GaimeFL,4
hadez,1
bannanaguy,1
gordo!(online),2
Heron,5
Chair,4
jean,1
Shlublu,1
Captinstark3999,1
Czy_Coup,1
Who?,1
Phast,2
toniisaur,1
mariahcareyfan1738,1
Closdra,1
avenue,1
Spazixi,1
jordn,1
FishJenga,1
_,2
The Milkman,1
zebruh,1
Sharks,4
ronnie,5
Puunk_,1
yungions,5
Proximus,1
Davi,1
Moody,2
igza,9
mr.oat0156,2
vivavivi004,1
energy,1
Hbox Wannabe,2
roflcopter,2
DanTe,1
emoteen.,1
BamBoy,6
JustWill,4
Foeaht,1
Darkness,1
penuin,1
twin,1
miso,1
RYN,1
Freddie Gimps,1
e1,1
Getsou,1
iBeTakingEstrogen,1
Boodabam,1
FunDip,1
BlockedByJames,4
Rainmaker,6
forensic,2
Peter,3
Koalas,1
Itsroland,2
DUD3,2
decayix,1
Kaboo,3
Kostorm,2
JadeBlade,1
Redria,1
AlbanianWarrior,2
PKsLab,2
ZanderWithAZ,1
vent,2
Easygooon,1
ghan,2
teki,1
Meltii,1
show me ya boobs,2
kaboomcake,1
blueishtoad,1
RC,1
Crownless77,1
Gastro,9
Groggy,1
JSPEH,5
Oto,1
Hirosu,1
KobeBean503,1
Artorias,1
JesusHorse,7
StickGuy,1
BadAtMelee,1
madjosh18,2
jc_th3k1ng,2
Rusty,1
Pikachup,1
BigPoppa,1
Verrtos,5
ICEZS,2
ICXC NIKA,2
Kapperie,1
Stray,1
Flakey,2
MrTuesday,2
supi,1
BIGBOWSERFAN700,1
Pizrub,1
cryptonic,1
Infectedkey,7
Dragonbeast,1
king gorthum,1
Leftwind,1
TheNeoBunny,1
Ferrari,6
crispeh,1
Sameowtha,8
Sivr,1
autumnAurora,1
SSL64,2
PublicTissue,2
Bentheuser,1
Depsusza,2
clover,8
Chach,1
ST4RS!,1
Koi,1
Don,1
Oreos,2
paintyum,1
BTOW,3
Spicy,1
Radioactive1,1
BeegAidan,1
konkeyDong,1
Streak,1
Ant,1
Boreeus,1
Possiple,1
bydot,1
Anythinga!,3
sneak,1
ResolveRoy,1
Genzo,1
little jittle,4
inkfathoms,1
ABSOLUTEBIGMAN619,1
thedbzmaster900,1
Adamant,2
Jambi,2
ashley,2
Mirage,2
Schmeez,1
Dalibre,1
Beniyasha,4
Kobe,2
zen,1
Tubbs,2
Duck,1
Sheepapple,1
CigNus,1
Adam,2
TAILSEP,1
Cheezboom,2
RoyalPear,1
woodzie,1
Molten Slag,1
balmain jermaine,1
TheCreeper09,1
R00ster,1
Bylt,1
Blushi,1
fujj,1
madi,1
wavydata,2
AIkamist,2
YEET,1
divorced6times,2
Bigtoejonny,1
frog dog lemon,3
JSKY,1
shlimey69,2
iBreedCatboys,1
Freespeed,1
fish,6
Big Z Biggs,1
EVI,1
juneTM,1
Sylvia Rose,1
Scramble4,1
MrPomegranX,1
RSQ but online,1
ricefarmer,6
kdak,3
Mook,1
Perseus,1
Slatt,1
Pure,1
Jeanne117,1
BunsenBurn,2
Deerflour,1
slenderMax,1
THAC0,1
sillygirl420,2
gamer,2
Koldman,1
leg,6
Rem,1
Tai,1
nick,1
ulmarx,1
Vatonage,1
Simanni,1
Crowbar,2
evening,1
Emcee,1
Arjun,1
L5racer,1
NotChrisFarley,2
Fresh,3
Balk Man,1
JakeSnake,1
doomscrolling,2
106x,1
Chronas,1
Michael Stanza,2
DonFun,1
Lazoons,1
Dank,1
Hiro,2
Stritzz,1
PerroFlak0,1
metro!,1
Seph0,1
Kitsune,1
Theo,1
oreozkat,1
Succulent,1
Skitter,1